,image_link,product_name,sold,currency,price
0,https://ae01.alicdn.com/kf/S9b85a05a759e4e04bb44b5fa26fbd637g/10x10.png,Height Increasing Shoes Men Taller Elevator 6CM Invisible Insole for Daily Men's Heighten Increased Wedding Oxfords Office Male,38,USD,25.61
1,https://ae01.alicdn.com/kf/S9b85a05a759e4e04bb44b5fa26fbd637g/10x10.png,Maden 2023 Spring Vintage Jogging Shoes for Men Casual Low Top Running Sports Shoes Comfort Trainer Designer Breathable Sneakers,54,USD,37.48
2,https://ae01.alicdn.com/kf/S9b85a05a759e4e04bb44b5fa26fbd637g/10x10.png,FitVille Diabetic Shoes Men Extra Wide Walking Casual Shoes for Swollen Feet Orthopedic Adjustable with Arch Support Cushioning,61,USD,33.2
3,https://ae01.alicdn.com/kf/S9b85a05a759e4e04bb44b5fa26fbd637g/10x10.png,Stylish studded crystal women's mary jane ballet shoes laofers casual soft leather comfortable flats,448,USD,37.11
4,https://ae01.alicdn.com/kf/S9b85a05a759e4e04bb44b5fa26fbd637g/10x10.png,Fashion Men's Slippers PVC Soft Sole Non-slip Slides Casual Outdoor Beach Flip Flops Home Bathroom Couples Slippers New Sandal,390,USD,2.66
5,https://ae01.alicdn.com/kf/S9b85a05a759e4e04bb44b5fa26fbd637g/10x10.png,Fashion Flip Flops Men Cloud Slippers Summer Shoes Memory Foam Pillow Slides Orthopedic Clip Toe Arch Support Beach Sandals,85,USD,11.52
6,https://ae01.alicdn.com/kf/S9b85a05a759e4e04bb44b5fa26fbd637g/10x10.png,Lift Sneakers Man Elevator Shoes Height Increase Insole 8cm White Black Taller Shoes Men Leisure Fashion Sports Plus Size 36-44,352,USD,27.99
7,https://ae01.alicdn.com/kf/S9b85a05a759e4e04bb44b5fa26fbd637g/10x10.png,Fashion Men Insulated 6kv Safety Shoes with Plastic Toe Work Safety Boots Breathable Conctrution Insulation Work Shoes Man Boots,51,USD,24.29
8,https://ae01.alicdn.com/kf/S9b85a05a759e4e04bb44b5fa26fbd637g/10x10.png,Stripe Sport Slippers Thick Sole Soft EVA Indoor Bathroom Slides Sandals Casual Beach Unisex Platform Men Women Home Shoes Large,64,USD,10.16
9,https://ae01.alicdn.com/kf/S9b85a05a759e4e04bb44b5fa26fbd637g/10x10.png,Fashionable Mesh Women's Ballet Mary Jane Shoes Summer Walking Shoes Round Toe Buckle Flats,324,USD,37.11
10,https://ae01.alicdn.com/kf/S9b85a05a759e4e04bb44b5fa26fbd637g/10x10.png,Women Thick Platform Cloud Slippers Eva Cfortable Non-Slip Home Slides Women Summer Lightweight Soft Sole Sandals Flip Flops,433,USD,6.7
11,https://ae01.alicdn.com/kf/S9b85a05a759e4e04bb44b5fa26fbd637g/10x10.png,2024 New Pink Women Slippers Fashion Soft Ladies Casual Cute Piggy Pattern Design Comfortable Female Linen Home Slippers,46,USD,7.98
12,https://ae01.alicdn.com/kf/S9b85a05a759e4e04bb44b5fa26fbd637g/10x10.png,Large Size 50 Safety Shoes Men Anti-Smashing Steel Toe Cap Puncture Proof Indestructible Light Breathable Sneaker Work Shoes,66,USD,21.07
13,https://ae01.alicdn.com/kf/S9b85a05a759e4e04bb44b5fa26fbd637g/10x10.png,Jouncing Suede Sole Boot Step Women Latin Dance Boots Salsa Shoe Long Warm Up Line Shoes West Coast Swing Dance Boots,143,USD,48.17
14,https://ae01.alicdn.com/kf/S9b85a05a759e4e04bb44b5fa26fbd637g/10x10.png,Height-increasing Shoes Men 16cm Men's Invisible Height-increasing Leather Shoes Extra-high Elevator Thick-soled Leather Shoes,25,USD,130.95
15,https://ae01.alicdn.com/kf/S9b85a05a759e4e04bb44b5fa26fbd637g/10x10.png,FitVille Men's Diabetic Shoes Leather Extra Wide Walking Casual Shoes for Orthopedic Toes Swollen Feet Non-Slip Lightweight,172,USD,36.72
16,https://ae01.alicdn.com/kf/S9b85a05a759e4e04bb44b5fa26fbd637g/10x10.png,Novelty Hot Sale Garden Shoes for Women  Mens Sandals EVA Lightweight Beach Clogs Summer Beach Zapatos Hombre for Men and Women,446,USD,12.61
17,https://ae01.alicdn.com/kf/S9b85a05a759e4e04bb44b5fa26fbd637g/10x10.png,GOGD Retro Autumn Winter White Knee High Boots Big Size 41 Women Comfy Walking Female Western Cowboy Boot For Dropshipping Shoes,700+,USD,39.91
18,https://ae01.alicdn.com/kf/S9b85a05a759e4e04bb44b5fa26fbd637g/10x10.png,2024 New Men Shoes Genuine Leather Men Flats Loafers High Quality Breathable Outdoor Men Sneakers Male Casual Shoes Plus Size 48,46,USD,26.58
19,https://ae01.alicdn.com/kf/S9b85a05a759e4e04bb44b5fa26fbd637g/10x10.png,Cresfimix male fashion comfortable spring summer pattern slip on shoes men cool street canvas shoes man's flag shoes a2693,13,USD,8.75
20,https://ae01.alicdn.com/kf/S9b85a05a759e4e04bb44b5fa26fbd637g/10x10.png,2023 New Men Suit Shoes Party Men's Dress Shoes Italian Leather Zapatos Hombre Formal Shoes Men Office Sapatos Social Masculino,8,USD,21.66
21,https://ae01.alicdn.com/kf/S9b85a05a759e4e04bb44b5fa26fbd637g/10x10.png,2023 Women Female Ladies Mother Genuine Leather Shoes Sandals Flats Soft Hook Loop Korean Bling Summer Beach Size 35-40,129,USD,10.3
22,https://ae01.alicdn.com/kf/S9b85a05a759e4e04bb44b5fa26fbd637g/10x10.png,8CM Increased Designer Thick Women Girls Summer Beach Sandals Slippers High Heels Casual Platform Clogs Flip Flops Slides Shoes,246,USD,4.54
23,https://ae01.alicdn.com/kf/S9b85a05a759e4e04bb44b5fa26fbd637g/10x10.png,New Women Shoes Punk Style  Lace-up Heel Height 6CM Platform Shoes Woman Gothic Ankle Rock Boots Metal Decor Woman Sneakers,800+,USD,58.31
24,https://ae01.alicdn.com/kf/S9b85a05a759e4e04bb44b5fa26fbd637g/10x10.png,Gothic Dark Platform Thick Bottom Punk Metal Height-Increasing Leather Women's Small Rock Lace-up Rivet Shoes,95,USD,48.07
25,https://ae01.alicdn.com/kf/S9b85a05a759e4e04bb44b5fa26fbd637g/10x10.png,2024 New Women's Mary Janes Shoes High Quality Leather Shoes for Women Square Toe Shallow Buckle Strap Women's Shoes sandalias,366,USD,6.5
26,https://ae01.alicdn.com/kf/S9b85a05a759e4e04bb44b5fa26fbd637g/10x10.png,New Men's Sports Men's Comfortable Platform Shoes 2024 Fashion Lace Up Vulcanized Shoes White Casual Sneakers Zapatillas,16,USD,5.21
27,https://ae01.alicdn.com/kf/S9b85a05a759e4e04bb44b5fa26fbd637g/10x10.png,Cresfimix Women Fashion Sky Blue Transparent Spring & Summer High Heel Shoes Lady Casual Black Pu Leather Heels Sapatos A9439,105,USD,8.76
28,https://ae01.alicdn.com/kf/S9b85a05a759e4e04bb44b5fa26fbd637g/10x10.png,Women's Shallow Cut Transparent Hooded Rain Shoes Soft Sole Non Slip Pointed Toe Waterproof Rain Shoes Fashionable Sandals,20,USD,13.31
29,https://ae01.alicdn.com/kf/S9b85a05a759e4e04bb44b5fa26fbd637g/10x10.png,Men White Rainboots Catering Kitchen Waterproof Shoes Hotel Cook Baotoe Light Work Shoes Restaurant Women Waiter Flat Shoes,27,USD,12.8
30,https://ae01.alicdn.com/kf/S9b85a05a759e4e04bb44b5fa26fbd637g/10x10.png,"Brown  Nubuck leather Safety Boot , yellow Nubuck leather No Lace safety boot composite toe",54,USD,30.54
31,https://ae01.alicdn.com/kf/S9b85a05a759e4e04bb44b5fa26fbd637g/10x10.png,"Water Diamond Slippers For Women Summer Outwear, Low Heel Bohemian Beach Shoes, Holiday Flip Flops, Sandals Wholesale",72,USD,6.71
32,https://ae01.alicdn.com/kf/S9b85a05a759e4e04bb44b5fa26fbd637g/10x10.png,2023 men sandals summer shoes genuine leather sandals beach shoes men cow leather sandals good quality plus size 38-48,32,USD,29.19
33,https://ae01.alicdn.com/kf/S9b85a05a759e4e04bb44b5fa26fbd637g/10x10.png,Linen Slippers Women Indoor Slippers Comzy Anti-Slip House Cotton Shoes  Cute Bowknot Flat Slipper Couples Slides Spring Summer,"1,000+",USD,2.74
34,https://ae01.alicdn.com/kf/S9b85a05a759e4e04bb44b5fa26fbd637g/10x10.png,Noble Shoes for Men Man Baile Latin Dance Shoes Male Banquet Dance Top Leather Canvas Dress Shoe Wedding Formal Shoes,97,USD,28.88
35,https://ae01.alicdn.com/kf/S9b85a05a759e4e04bb44b5fa26fbd637g/10x10.png,Bow Thick Sole Punk Rivet Leather Shoes for Women 2024 New Summer Shallow Girls Mary Jane Shoes Platform Sneakers,11,USD,6.55
36,https://ae01.alicdn.com/kf/S9b85a05a759e4e04bb44b5fa26fbd637g/10x10.png,Sneakers Men Elevator Shoes Heightening Shoes for Men 7CM Increase Shoes Height Increase Insole 8CM Casual Taller Shoes,35,USD,35.94
37,https://ae01.alicdn.com/kf/S9b85a05a759e4e04bb44b5fa26fbd637g/10x10.png,Big Size Elevator Shoes Men Sneakers Heightening Shoes Height Increase Shoes Insoles 6CM Man Daily Life Height Increasing Shoe,59,USD,23.4
38,https://ae01.alicdn.com/kf/S9b85a05a759e4e04bb44b5fa26fbd637g/10x10.png,Comfort Knitting Men Tennis Shoes Sock Sneakers Soft Sole Lace Up Casual Flat Shoes Lazy Slip-on Woven Stretch Penny Loafers,29,USD,65.36
39,https://ae01.alicdn.com/kf/S9b85a05a759e4e04bb44b5fa26fbd637g/10x10.png,2024 Men's Outdoor Sandals Slippers Beach Comfortable Soft Sole Slide Clogs Casual Shoes Men Women Beach Sandals Big Size 46 47,119,USD,11.8
40,https://ae01.alicdn.com/kf/S9b85a05a759e4e04bb44b5fa26fbd637g/10x10.png,SUADEX Men Women Safety Shoes Steel Toe Boots Anti-Smashing Work Shoes Lightweight Breathable Composite Toe Men EUR Size 37-48,32,USD,27.83
41,https://ae01.alicdn.com/kf/S9b85a05a759e4e04bb44b5fa26fbd637g/10x10.png,Chunky Sneakers Women Fashion Square Buckle Crystal Mesh Shoes Flat Platform Sneakers Sneakers For Women Zapatos De Mujer 2024,20,USD,59.16
42,https://ae01.alicdn.com/kf/S9b85a05a759e4e04bb44b5fa26fbd637g/10x10.png,Chelsea Boots Men Elevator Shoes 6cm 8cm Invisible Height Increasing Shoes Suede Leather Men Ankle Boots Inner Increase Shoes,118,USD,33.42
43,https://ae01.alicdn.com/kf/S9b85a05a759e4e04bb44b5fa26fbd637g/10x10.png,Sanzoog Men Slippers Slides Slide Slipper Summer Shoes Home Indoor House Beach Room Claquette Homme Slipers Soft EVA New 2020,47,USD,11.68
44,https://ae01.alicdn.com/kf/S9b85a05a759e4e04bb44b5fa26fbd637g/10x10.png,New Moccasins Women Flats Cut Out Autumn Woman Loafers Genuine Leather Female Shoes Slip On Ballet Bowtie Women's Shoes Big Size,51,USD,10.5
45,https://ae01.alicdn.com/kf/S9b85a05a759e4e04bb44b5fa26fbd637g/10x10.png,New Fashion Men Pointed Rivet Embroidery Rhinestone Casual Oxford Shoes Wedding Groom Driving Homecoming Business Footwear,25,USD,28.27
46,https://ae01.alicdn.com/kf/S9b85a05a759e4e04bb44b5fa26fbd637g/10x10.png,Fashionable Ladies Thick-soled Fitflop Sandals Stylish Slip-on Slides For Women Perfect For The Beach Or Outdoor Wear,20,USD,37.79
47,https://ae01.alicdn.com/kf/S9b85a05a759e4e04bb44b5fa26fbd637g/10x10.png,QYCKABY Plush Shoes For Women Mules Indoor Outside Winter Home Warm Fluffy Anti-skid Boots Fur Cotton Shoe Men Outdoors Sneakers,4000+,USD,9.84
48,https://ae01.alicdn.com/kf/S9b85a05a759e4e04bb44b5fa26fbd637g/10x10.png,Casual Lift Sneakers Men Elevator Shoes Height Increase Insole 6cm White Black Taller Shoes Men Fashion Sports Plus Size 37-46,58,USD,26.99
49,https://ae01.alicdn.com/kf/S9b85a05a759e4e04bb44b5fa26fbd637g/10x10.png,Patent Leather Loafers Men Casual Shoes For Gentleman Loafer Formal Shoes Instappers Heren Big Size 47 48,9,USD,28.8
50,https://ae01.alicdn.com/kf/S9b85a05a759e4e04bb44b5fa26fbd637g/10x10.png,Customized Summer Orthopedic Sandals Women Slippers Home Shoes Casual Female Slides Flip Flop,289,USD,8.61
51,https://ae01.alicdn.com/kf/S9b85a05a759e4e04bb44b5fa26fbd637g/10x10.png,New Luxury Designer Fashion Pointed Black Blue Red Velvet Shoes Men Casual Loafers Formal Dress Footwear Sapatos Tenis Masculino,21,USD,11.83
52,https://ae01.alicdn.com/kf/S9b85a05a759e4e04bb44b5fa26fbd637g/10x10.png,New Women's Luxury Brand Round Toe Flat Bottom Sandals Summer Hollow Short Boots Water Diamond Sexy Flat Bottom Shoes for Women,700+,USD,12.15
53,https://ae01.alicdn.com/kf/S9b85a05a759e4e04bb44b5fa26fbd637g/10x10.png,Mens Sandals Summer Printing New Large Size Men's Clogs Lightweight Beach Slippers Breathable Men's Sneaker Sandals Garden Clogs,37,USD,10.84
54,https://ae01.alicdn.com/kf/S9b85a05a759e4e04bb44b5fa26fbd637g/10x10.png,Women' Sandals New Korean Fish-mouth Sandals Metal Decorative Transparent Women's Shoes Large Zapatos Para Mujer,"1,000+",USD,5.24
55,https://ae01.alicdn.com/kf/S9b85a05a759e4e04bb44b5fa26fbd637g/10x10.png,GMQM Brand Luxury New Knee High Women's Boots Shark Lock Metalic Genuine Leather Long Thick Soled High-heeled Designer Shoes,60,USD,67.65
56,https://ae01.alicdn.com/kf/S9b85a05a759e4e04bb44b5fa26fbd637g/10x10.png,2024 Men's Shoes Quality Lycra+ Cow Leather Shoes Brand 5CM Increasing British Shoes New Summer Black Man Casual Height Shoes,107,USD,24.96
57,https://ae01.alicdn.com/kf/S9b85a05a759e4e04bb44b5fa26fbd637g/10x10.png,YRZL Casual Shoes Men Summer Half Shoes Slippers Slides Slip on Shoes Men Mesh Breathable Soft Comfortable Slippers for Men,220,USD,15.99
58,https://ae01.alicdn.com/kf/S9b85a05a759e4e04bb44b5fa26fbd637g/10x10.png,Summer Mesh Shoes Men Sneakers Breathable Light Men's Casual Shoes Lace-Up Walking Footwear Tenis Masculino Zapatillas Hombre,449,USD,8.29
59,https://ae01.alicdn.com/kf/S9b85a05a759e4e04bb44b5fa26fbd637g/10x10.png,2021 Top Quality Genuine Leather Platform buffalo Shoes Women Casual Sneakers Round Toe Brand Luxury Dad shoes ST487 ST488,216,USD,63.98
